No,UserName,TimeSpent in week(Hours),Productive
1,John Doe,40,Productive
2,Jane Smith,38,Productive
3,Mark Johnson,42,Productive
4,Sarah Brown,37,Unproductive
5,David Lee,39,Productive
6,Emily Davis,41,Productive
7,Michael Wilson,36,Unproductive
8,Lisa Taylor,38,Productive
9,James Anderson,40,Productive
10,Anna Garcia,37,Unproductive
11,Robert Martinez,39,Productive
12,Julia White,41,Productive
13,Thomas Clark,38,Productive
14,Olivia Turner,37,Unproductive
15,William Baker,40,Productive
16,Grace Hernandez,42,Productive
17,Andrew Young,36,Unproductive
18,Sophia Adams,38,Productive
19,Daniel Moore,41,Productive
20,Chloe Lewis,37,Unproductive
21,Matthew Green,39,Productive
22,Ella Hall,41,Productive
23,Christopher King,38,Productive
24,Ava Scott,37,Unproductive
25,Joseph Reed,40,Productive
26,Lily Perez,42,Productive
27,Joshua Turner,36,Unproductive
28,Sofia Morris,38,Productive
29,William Wright,41,Productive
30,Mia Baker,37,Unproductive
31,Daniel White,39,Productive
32,Emily Rodriguez,41,Productive
33,Joseph Adams,38,Productive
34,Isabella Davis,37,Unproductive
35,Matthew Lopez,40,Productive
36,Emma Hernandez,42,Productive
37,Nicholas Martinez,36,Unproductive
38,Grace Scott,38,Productive
39,David Garcia,41,Productive
40,Olivia Lee,37,Unproductive
41,Andrew Smith,39,Productive
42,Ava Thomas,41,Productive
43,James Davis,38,Productive
44,Ella Clark,37,Unproductive
45,Michael Johnson,40,Productive
46,Sophia Miller,42,Productive
47,William Davis,36,Unproductive
48,Lily Adams,38,Productive
49,John Wilson,41,Productive
50,Chloe Young,37,Unproductive
51,Matthew Taylor,39,Productive
52,Emma Turner,41,Productive
53,Joshua Turner,38,Productive
54,Isabella King,37,Unproductive
55,Joseph Lewis,40,Productive
56,Sofia Turner,42,Productive
57,David Young,36,Unproductive
58,Ava Martinez,38,Productive
59,James Smith,41,Productive
60,Olivia Adams,37,Unproductive
61,Christopher Baker,39,Productive
62,Emily Davis,41,Productive
63,Michael Martinez,38,Productive
64,Lily Scott,37,Unproductive
65,William Hall,40,Productive
66,Chloe Wilson,42,Productive
67,Daniel Davis,36,Unproductive
68,Sophia Thomas,38,Productive
69,John Brown,41,Productive
70,Mia Turner,37,Unproductive
71,Andrew White,39,Productive
72,Emma Moore,41,Productive
73,Matthew Taylor,38,Productive
74,Olivia Clark,37,Unproductive
75,James Lewis,40,Productive
76,Isabella Hernandez,42,Productive
77,William Garcia,36,Unproductive
78,Ella Anderson,38,Productive
79,David Wilson,41,Productive
80,Sofia Smith,37,Unproductive
81,Joseph Johnson,39,Productive
82,Grace Young,41,Productive
83,Matthew Smith,38,Productive
84,Ava Garcia,37,Unproductive
85,Michael Clark,40,Productive
86,Emily Martinez,42,Productive
87,Olivia Davis,36,Unproductive
88,James Lee,38,Productive
89,Emma White,41,Productive
90,Chloe Moore,37,Unproductive
91,William King,39,Productive
92,Lily Rodriguez,41,Productive
93,David Lewis,38,Productive
94,Isabella Davis,37,Unproductive
95,Joseph Turner,40,Productive
96,Sofia Taylor,42,Productive
97,Matthew Adams,36,Unproductive
98,Ella Smith,38,Productive
99,John Taylor,41,Productive
100,Ava Lopez,37,Unproductive
